,count,mean,std,min,25%,50%,75%,max,null_count
Sales,10.0,282.0,47.0932880331983,200.0,255.0,290.0,317.5,340.0,0
Customers,10.0,27.5,4.478342947514801,20.0,24.25,29.0,30.75,33.0,0
